match_week,starting_position,club,ave_goalsFor_home,ave_goalsFor_away,ave_goalsAgainst_home,ave_goalsAgainst_away,ave_points_home,ave_points_away
6,1,Manchester City,2.2,1.6,0.2,0.2,1.4,1.2
6,2,Manchester United,1.2,1.4,0.0,0.4,1.2,1.4
6,3,Chelsea,0.4,1.6,0.0,0.4,0.8,1.8
6,5,Tottenham Hotspur,0.4,1.2,0.6,0.4,0.4,1.2
6,8,Liverpool,1.2,0.6,0.2,1.4,1.4,0.6
6,11,Watford,0.0,1.2,1.2,0.2,0.2,1.8
6,12,Arsenal,1.0,0.0,0.0,1.0,1.2,0.2
6,6,Huddersfield Town,0.4,0.0,0.2,0.4,1.0,0.2
6,7,Burnley,0.2,0.4,0.2,0.4,0.8,0.4
6,4,Newcastle United,1.0,0.2,0.2,0.4,1.2,0.6
6,9,Southampton,0.6,0.2,1.0,0.0,0.6,0.8
6,10,West Bromwich Albion,0.2,0.4,0.2,1.0,0.4,0.6
6,16,Brighton and Hove Albion,0.8,0.2,0.2,0.8,1.2,0.2
6,18,Everton,0.4,0.2,0.8,1.4,0.6,0.2
6,14,Swansea City,0.2,0.4,1.4,0.0,0.0,0.8
6,13,Stoke City,0.6,0.4,1.2,0.6,0.8,0.2
6,15,Leicester City,1.0,0.2,1.0,0.6,0.6,0.2
6,17,West Ham United,0.8,0.4,0.6,1.2,0.6,0.2
6,19,AFC Bournemouth,0.6,0.2,1.0,1.0,0.6,0.0
6,20,Crystal Palace,0.0,0.0,0.6,1.4,0.0,0.0
7,1,Manchester City,2.0,1.8,0.0,0.2,1.2,1.8
7,2,Manchester United,2.0,0.6,0.0,0.4,1.8,0.8
7,4,Tottenham Hotspur,0.2,2.0,0.2,0.4,0.4,1.8
7,3,Chelsea,0.4,1.2,0.2,0.2,0.8,1.2
7,7,Arsenal,1.4,0.0,0.0,0.8,1.8,0.2
7,9,Burnley,0.2,0.6,0.0,0.4,0.8,1.0
7,5,Liverpool,1.0,0.8,0.2,1.6,0.8,0.8
7,6,Watford,0.0,1.2,1.2,0.6,0.2,1.4
7,10,Newcastle United,1.2,0.2,0.4,0.2,1.4,0.6
7,12,West Bromwich Albion,0.6,0.2,0.6,1.0,0.6,0.0
7,8,Huddersfield Town,0.2,0.0,1.0,0.4,0.4,0.2
7,11,Southampton,0.0,0.4,0.6,0.4,0.0,0.8
7,16,Stoke City,0.8,0.4,1.4,0.6,0.8,0.2
7,13,Brighton and Hove Albion,0.8,0.2,0.2,0.8,1.2,0.2
7,18,West Ham United,1.0,0.0,0.6,0.6,1.2,0.2
7,14,Everton,0.4,0.0,1.0,1.2,0.6,0.0
7,17,Leicester City,0.6,0.2,1.0,0.6,0.0,0.4
7,15,Swansea City,0.2,0.4,0.6,0.2,0.0,0.8
7,19,AFC Bournemouth,0.6,0.2,0.6,1.0,0.8,0.0
7,20,Crystal Palace,0.0,0.0,0.6,2.0,0.0,0.0
8,1,Manchester City,3.4,1.4,0.4,0.0,1.8,1.2
8,2,Manchester United,1.6,0.6,0.0,0.4,1.2,1.0
8,3,Tottenham Hotspur,0.2,2.0,0.0,0.4,0.8,1.8
8,8,Watford,0.4,1.2,1.4,0.6,0.6,1.4
8,4,Chelsea,0.0,1.4,0.2,0.6,0.2,1.2
8,5,Arsenal,1.4,0.2,0.0,0.4,1.8,0.2
8,6,Burnley,0.4,0.4,0.2,0.2,1.0,0.8
8,7,Liverpool,0.2,0.8,0.2,1.6,0.4,0.8
8,9,Newcastle United,0.6,0.6,0.4,0.6,0.8,0.8
8,10,West Bromwich Albion,0.4,0.4,0.4,1.2,0.4,0.2
8,12,Southampton,0.4,0.4,1.0,0.4,0.2,0.6
8,11,Huddersfield Town,0.2,0.0,1.0,0.8,0.2,0.2
8,18,Swansea City,0.6,0.0,0.6,0.2,0.6,0.2
8,14,Brighton and Hove Albion,1.0,0.2,0.4,0.8,1.4,0.0
8,15,West Ham United,1.0,0.2,0.6,0.2,1.2,0.4
8,16,Everton,0.4,0.2,1.0,1.0,0.6,0.2
8,13,Stoke City,0.8,0.6,1.4,1.8,0.8,0.0
8,17,Leicester City,0.8,0.2,1.2,0.2,0.2,0.4
8,19,AFC Bournemouth,0.4,0.2,0.2,1.2,0.8,0.0
8,20,Crystal Palace,0.4,0.0,0.4,2.0,0.6,0.0
9,1,Manchester City,3.0,1.4,0.4,0.0,1.8,1.2
9,2,Manchester United,1.6,0.4,0.0,0.4,1.2,0.8
9,3,Tottenham Hotspur,1.0,1.4,0.2,0.4,1.4,1.2
9,5,Chelsea,0.8,1.0,0.6,0.4,0.8,0.6
9,6,Arsenal,0.8,1.2,0.0,0.8,1.2,0.8
9,4,Watford,0.4,1.2,1.4,1.4,0.6,0.8
9,9,Newcastle United,0.8,0.4,0.4,0.6,1.4,0.2
9,7,Burnley,0.2,0.4,0.2,0.8,0.4,0.8
9,8,Liverpool,0.2,1.0,0.2,1.4,0.4,0.8
9,11,Southampton,0.6,0.4,0.6,0.4,0.8,0.6
9,12,Huddersfield Town,0.6,0.0,1.2,0.4,0.8,0.2
9,14,Brighton and Hove Albion,0.4,0.8,0.2,0.8,0.8,0.6
9,10,West Bromwich Albion,0.4,0.2,0.4,0.8,0.4,0.2
9,18,Leicester City,0.6,0.6,0.8,0.4,0.2,1.0
9,13,Swansea City,0.8,0.0,0.8,0.2,0.6,0.2
9,15,West Ham United,0.6,0.2,1.2,0.2,0.6,0.4
9,17,Stoke City,0.6,0.6,1.4,1.8,0.6,0.0
9,16,Everton,0.8,0.2,1.4,1.0,0.6,0.2
9,19,AFC Bournemouth,0.4,0.6,0.2,0.8,0.8,0.6
9,20,Crystal Palace,0.4,0.0,0.4,2.0,0.6,0.0
10,1,Manchester City,3.0,0.8,0.4,0.4,1.8,1.2
10,2,Manchester United,1.0,0.4,0.0,0.4,1.2,0.8
10,3,Tottenham Hotspur,1.0,1.4,0.2,0.6,1.2,1.2
10,4,Chelsea,0.8,1.2,0.6,0.4,0.6,1.2
10,5,Arsenal,1.2,1.2,0.2,0.8,1.8,0.6
10,9,Liverpool,0.6,1.0,0.0,1.4,0.8,0.8
10,8,Burnley,0.4,0.2,0.2,0.6,1.0,0.6
10,6,Watford,0.4,1.2,0.4,1.4,0.6,0.8
10,7,Newcastle United,0.4,0.4,0.2,0.8,0.8,0.2
10,10,Southampton,0.6,0.4,0.6,0.6,0.8,0.2
10,14,Leicester City,1.0,0.4,0.8,0.2,0.8,0.8
10,12,Brighton and Hove Albion,0.6,0.6,0.4,0.4,1.0,0.6
10,11,Huddersfield Town,0.4,0.0,1.0,1.0,0.6,0.2
10,17,Stoke City,0.6,0.6,1.4,1.4,0.6,0.6
10,13,West Bromwich Albion,0.8,0.2,1.0,0.8,0.2,0.2
10,16,West Ham United,0.6,0.6,1.2,0.6,0.6,0.4
10,15,Swansea City,0.8,0.2,0.8,0.6,0.6,0.0
10,18,Everton,0.8,0.2,1.4,0.6,0.6,0.2
10,19,AFC Bournemouth,0.0,0.6,0.2,0.8,0.2,0.6
10,20,Crystal Palace,0.8,0.0,0.6,2.0,0.8,0.0
11,1,Manchester City,2.6,0.8,0.6,0.4,1.8,1.2
11,2,Manchester United,1.0,0.2,0.0,0.6,1.2,0.2
11,3,Tottenham Hotspur,1.2,0.8,0.2,0.2,1.8,0.6
11,4,Chelsea,1.0,0.4,0.6,0.4,1.2,0.6
11,6,Liverpool,0.6,1.2,0.0,1.2,0.8,0.8
11,5,Arsenal,0.8,1.4,0.2,1.4,1.2,0.6
11,7,Burnley,0.4,0.4,0.2,0.6,0.8,1.2
11,12,Brighton and Hove Albion,0.4,0.8,0.4,0.4,0.4,1.2
11,8,Watford,0.4,1.2,0.4,1.8,0.6,0.2
11,13,Huddersfield Town,0.6,0.0,1.0,1.0,1.2,0.0
11,9,Newcastle United,0.4,0.4,0.4,0.6,0.8,0.2
11,11,Leicester City,0.6,0.8,0.2,0.6,0.8,1.0
11,10,Southampton,0.6,0.4,0.6,0.6,0.8,0.2
11,14,Stoke City,1.0,0.6,1.0,1.4,0.8,0.6
11,18,Everton,1.0,0.2,1.6,0.6,0.6,0.2
11,15,West Bromwich Albion,0.8,0.2,1.0,0.6,0.2,0.2
11,19,AFC Bournemouth,0.0,0.6,0.2,0.4,0.2,1.2
11,16,West Ham United,0.4,0.6,1.4,0.6,0.6,0.4
11,17,Swansea City,0.6,0.2,0.6,0.6,0.6,0.0
11,20,Crystal Palace,0.8,0.0,0.6,1.2,0.8,0.0
12,1,Manchester City,2.6,1.0,0.6,0.4,1.8,1.2
12,2,Manchester United,1.0,0.2,0.2,0.6,1.2,0.2
12,4,Chelsea,1.0,1.2,0.4,0.4,1.2,1.2
12,3,Tottenham Hotspur,1.2,0.0,0.2,0.6,1.8,0.0
12,5,Liverpool,1.2,1.0,0.0,1.0,1.4,0.6
12,6,Arsenal,0.8,1.4,0.2,1.4,1.2,0.6
12,7,Burnley,0.8,0.2,0.2,0.6,1.4,0.6
12,9,Watford,0.8,0.8,0.4,1.4,1.2,0.0
12,8,Brighton and Hove Albion,0.8,0.8,0.8,0.0,0.6,1.2
12,10,Huddersfield Town,0.6,0.0,0.2,1.8,1.2,0.0
12,11,Newcastle United,0.2,0.6,0.2,1.4,0.6,0.2
12,12,Leicester City,0.6,0.8,0.6,0.6,0.8,0.8
12,17,AFC Bournemouth,0.8,0.6,0.2,0.4,0.6,1.2
12,13,Southampton,0.6,0.2,0.6,0.8,0.8,0.2
12,14,Stoke City,0.6,1.0,0.8,1.8,0.2,0.8
12,15,Everton,1.0,0.6,1.4,1.0,0.6,0.4
12,16,West Bromwich Albion,0.4,0.2,1.4,0.6,0.0,0.2
12,18,West Ham United,0.2,0.6,1.4,1.0,0.0,0.4
12,19,Swansea City,0.6,0.2,0.6,0.8,0.6,0.0
12,20,Crystal Palace,1.2,0.0,1.0,0.4,1.0,0.0
13,1,Manchester City,1.2,1.4,0.2,0.6,1.2,1.8
13,2,Manchester United,1.2,0.2,0.2,0.6,1.8,0.0
13,3,Chelsea,1.0,1.2,0.4,0.2,1.2,1.4
13,6,Arsenal,0.8,1.4,0.2,1.0,1.2,1.2
13,4,Tottenham Hotspur,1.2,0.0,0.4,0.6,1.4,0.0
13,5,Liverpool,1.4,1.0,0.2,1.0,1.4,0.6
13,7,Burnley,0.6,0.2,0.2,0.6,1.2,0.6
13,8,Watford,0.4,1.4,0.2,1.4,0.6,0.6
13,9,Brighton and Hove Albion,0.6,0.8,0.6,0.2,0.4,1.2
13,14,Southampton,1.0,0.2,0.4,0.8,1.2,0.2
13,10,Huddersfield Town,0.8,0.0,0.6,1.4,1.2,0.0
13,12,Leicester City,0.4,1.0,0.4,0.8,0.6,1.0
13,13,AFC Bournemouth,0.8,0.6,0.2,0.2,0.6,1.4
13,11,Newcastle United,0.2,0.2,0.8,1.0,0.6,0.0
13,15,Stoke City,0.6,0.8,0.8,0.8,0.2,0.8
13,16,Everton,1.0,0.6,1.4,1.6,0.6,0.2
13,17,West Bromwich Albion,0.4,0.2,1.4,0.6,0.0,0.2
13,18,West Ham United,0.4,0.4,1.6,0.8,0.2,0.2
13,19,Swansea City,0.2,0.2,0.6,0.8,0.2,0.0
13,20,Crystal Palace,1.2,0.0,1.0,0.4,1.0,0.0
14,1,Manchester City,1.0,1.4,0.4,0.6,1.2,1.8
14,2,Manchester United,1.2,0.8,0.2,0.6,1.8,0.6
14,3,Chelsea,0.4,1.2,0.0,0.2,1.2,1.4
14,4,Arsenal,1.8,0.4,0.2,0.6,1.8,0.6
14,6,Liverpool,1.4,1.4,0.2,0.2,1.4,1.2
14,7,Burnley,0.6,0.6,0.2,0.2,1.2,1.2
14,5,Tottenham Hotspur,0.4,0.2,0.2,1.0,0.8,0.0
14,8,Watford,0.8,1.0,1.0,0.6,0.6,0.6
14,12,Leicester City,0.8,0.6,0.6,0.6,1.2,0.4
14,9,Brighton and Hove Albion,0.6,0.2,0.6,0.2,0.6,0.6
14,10,Southampton,0.8,0.4,0.4,1.2,0.6,0.2
14,14,Newcastle United,0.0,0.6,0.8,1.4,0.0,0.2
14,16,Everton,1.4,0.6,0.4,1.6,1.2,0.2
14,11,Huddersfield Town,0.4,0.0,0.4,2.4,0.6,0.0
14,13,AFC Bournemouth,1.0,0.2,0.6,0.0,0.6,0.8
14,15,Stoke City,0.4,0.8,1.0,0.8,0.2,0.8
14,17,West Bromwich Albion,0.8,0.2,1.8,0.4,0.2,0.2
14,18,West Ham United,0.4,0.4,1.0,1.6,0.2,0.2
14,19,Swansea City,0.0,0.2,0.2,1.0,0.2,0.0
14,20,Crystal Palace,1.2,0.0,1.0,0.2,1.0,0.2
15,1,Manchester City,1.4,0.8,0.6,0.2,1.8,1.2
15,2,Manchester United,1.0,1.4,0.2,0.8,1.2,1.2
15,3,Chelsea,1.0,1.0,0.2,0.2,1.8,0.8
15,5,Liverpool,0.8,2.4,0.2,0.4,0.8,1.8
15,4,Arsenal,1.6,0.4,0.6,0.6,1.2,0.6
15,7,Tottenham Hotspur,0.4,0.4,0.2,1.0,0.8,0.2
15,6,Burnley,0.4,0.6,0.2,0.4,0.6,1.2
15,8,Watford,1.0,1.0,1.0,0.6,0.8,0.6
15,9,Leicester City,0.6,0.6,0.6,0.6,1.2,0.4
15,13,Everton,1.8,0.6,0.4,1.2,1.8,0.2
15,11,Southampton,0.8,0.4,0.4,1.2,0.6,0.2
15,10,Brighton and Hove Albion,0.6,0.2,1.4,0.2,0.4,0.6
15,16,Stoke City,0.8,0.6,1.2,0.8,0.8,0.2
15,15,AFC Bournemouth,1.2,0.2,0.6,0.0,0.8,0.8
15,12,Newcastle United,0.0,0.8,0.8,1.8,0.0,0.2
15,14,Huddersfield Town,0.4,0.0,0.4,2.2,0.6,0.0
15,17,West Bromwich Albion,0.4,0.2,1.2,0.4,0.4,0.2
15,20,Crystal Palace,0.8,0.0,0.6,0.2,0.8,0.4
15,18,West Ham United,0.4,0.2,1.0,1.6,0.2,0.0
15,19,Swansea City,0.0,0.2,0.2,1.0,0.2,0.0
16,1,Manchester City,0.8,1.2,0.4,0.4,1.2,1.8
16,2,Manchester United,1.2,1.4,0.6,0.6,1.2,1.2
16,3,Chelsea,0.8,1.0,0.2,0.4,1.2,0.8
16,4,Liverpool,1.0,1.6,0.4,0.2,1.0,1.2
16,5,Arsenal,1.6,0.4,0.6,0.2,1.2,0.8
16,6,Tottenham Hotspur,1.2,0.4,0.4,1.0,0.8,0.2
16,7,Burnley,0.6,0.4,0.2,0.4,1.2,0.6
16,9,Leicester City,0.6,0.8,0.6,0.6,1.2,0.8
16,8,Watford,1.0,0.6,1.0,0.2,0.8,0.6
16,10,Everton,1.2,0.8,0.0,1.4,1.2,0.4
16,11,Southampton,1.0,0.4,0.4,1.2,0.8,0.2
16,16,Huddersfield Town,0.6,0.0,0.4,2.2,0.6,0.0
16,12,Brighton and Hove Albion,0.6,0.0,1.4,0.6,0.4,0.0
16,14,AFC Bournemouth,1.2,0.4,0.6,0.4,0.8,0.4
16,13,Stoke City,0.4,0.8,0.8,1.8,0.6,0.2
16,15,Newcastle United,0.4,0.8,1.2,1.8,0.0,0.2
16,17,West Bromwich Albion,0.4,0.2,1.2,0.4,0.4,0.2
16,19,West Ham United,0.4,0.2,0.2,1.6,0.8,0.0
16,20,Swansea City,0.2,0.2,0.0,1.0,0.8,0.0
16,18,Crystal Palace,1.2,0.0,1.0,0.0,1.0,0.4
17,1,Manchester City,0.8,1.6,0.4,0.4,1.2,1.8
17,2,Manchester United,0.6,1.4,0.4,0.6,1.2,1.2
17,3,Chelsea,0.8,0.8,0.2,0.6,1.2,0.8
17,6,Tottenham Hotspur,1.6,0.4,0.4,0.6,1.4,0.2
17,4,Liverpool,0.4,1.6,0.4,0.2,0.6,1.2
17,7,Burnley,0.4,0.4,0.2,0.4,1.2,0.6
17,5,Arsenal,1.2,0.4,0.6,0.2,0.6,1.0
17,8,Leicester City,0.6,1.6,0.2,0.8,1.2,1.4
17,9,Watford,0.6,0.8,1.0,0.6,0.2,0.6
17,10,Everton,1.2,0.6,0.0,1.0,1.2,0.8
17,11,Southampton,1.2,0.4,1.2,0.6,0.8,0.2
17,12,Huddersfield Town,0.8,0.0,1.0,1.4,0.6,0.0
17,13,Brighton and Hove Albion,0.2,0.0,1.0,1.0,0.2,0.0
17,14,AFC Bournemouth,0.4,0.4,0.6,0.6,0.2,0.4
17,15,Stoke City,0.4,0.4,0.8,1.6,0.6,0.0
17,16,Newcastle United,0.4,0.6,1.4,1.0,0.0,0.2
17,17,West Bromwich Albion,0.4,0.2,0.4,0.4,0.4,0.4
17,20,Crystal Palace,1.2,0.0,0.8,0.0,1.4,0.4
17,18,West Ham United,0.4,0.2,0.2,1.2,1.0,0.0
17,19,Swansea City,0.2,0.2,0.8,0.6,0.8,0.0
18,1,Manchester City,1.6,1.2,0.6,0.2,1.8,1.2
18,2,Manchester United,0.4,1.8,0.4,0.8,0.6,1.8
18,3,Chelsea,1.0,0.6,0.2,0.4,1.8,0.6
18,5,Liverpool,0.2,2.4,0.2,0.2,0.4,1.8
18,7,Arsenal,1.4,0.2,0.6,0.2,1.2,0.4
18,6,Burnley,0.4,0.4,0.0,0.4,1.2,0.8
18,4,Tottenham Hotspur,1.4,0.6,0.2,1.4,1.2,0.2
18,8,Leicester City,0.6,1.4,0.8,0.6,1.2,1.2
18,10,Everton,1.8,0.4,0.2,0.2,1.8,0.8
18,9,Watford,0.8,0.2,1.8,0.6,0.2,0.0
18,12,Huddersfield Town,0.6,0.8,0.6,1.6,0.6,0.6
18,11,Southampton,0.4,0.4,1.0,0.8,0.2,0.2
18,13,Brighton and Hove Albion,0.2,0.0,1.0,0.8,0.4,0.0
18,18,Crystal Palace,0.8,0.6,0.6,0.0,0.8,1.0
18,19,West Ham United,0.2,0.8,0.0,1.2,0.8,0.6
18,14,AFC Bournemouth,0.4,0.4,1.4,0.6,0.2,0.2
18,15,Stoke City,0.4,0.2,1.4,1.2,0.6,0.0
18,16,Newcastle United,0.4,0.6,0.8,1.2,0.0,0.2
18,17,West Bromwich Albion,0.6,0.0,0.8,0.2,0.4,0.2
18,20,Swansea City,0.2,0.4,0.8,1.2,0.6,0.0
19,1,Manchester City,2.0,1.2,0.4,0.2,1.8,1.2
19,2,Manchester United,0.4,1.4,0.4,0.8,0.6,1.4
19,3,Chelsea,0.8,0.6,0.2,0.4,1.2,0.8
19,4,Liverpool,0.2,2.4,0.2,0.8,0.4,1.4
19,7,Tottenham Hotspur,1.4,1.0,0.2,1.0,1.2,0.8
19,5,Arsenal,1.0,0.2,1.2,0.2,0.8,0.4
19,6,Burnley,0.4,0.0,0.6,0.2,1.2,0.2
19,8,Leicester City,0.6,1.4,1.0,0.6,0.8,1.2
19,9,Everton,1.0,0.4,0.2,0.2,1.4,0.8
19,10,Watford,0.4,0.2,1.0,0.8,0.2,0.0
19,11,Huddersfield Town,0.6,1.0,0.6,0.8,0.6,0.8
19,13,Brighton and Hove Albion,0.4,0.0,1.0,0.8,0.8,0.0
19,12,Southampton,0.6,0.2,1.2,0.4,0.4,0.2
19,17,Stoke City,1.0,0.2,1.0,1.2,1.2,0.0
19,18,Newcastle United,0.4,0.8,0.8,1.2,0.0,0.6
19,14,Crystal Palace,0.8,0.8,0.6,0.2,0.8,1.0
19,15,West Ham United,0.6,0.8,0.6,0.4,0.8,0.6
19,16,AFC Bournemouth,0.2,0.4,1.0,1.4,0.2,0.2
19,19,West Bromwich Albion,0.2,0.2,0.4,0.8,0.2,0.2
19,20,Swansea City,0.4,0.4,1.0,1.0,0.8,0.0
20,1,Manchester City,1.6,1.4,0.2,0.2,1.2,1.8
20,2,Manchester United,0.8,0.8,0.8,0.6,0.8,0.8
20,3,Chelsea,0.6,0.6,0.0,0.4,1.2,0.8
20,4,Liverpool,1.2,1.4,0.2,0.6,1.0,0.8
20,5,Tottenham Hotspur,2.4,0.8,0.6,0.8,1.8,0.6
20,6,Arsenal,0.8,0.8,0.6,0.6,0.8,1.0
20,7,Burnley,0.4,0.4,0.6,0.4,1.2,0.4
20,8,Leicester City,0.4,1.6,1.0,1.0,0.2,1.2
20,9,Everton,0.6,0.4,0.2,0.2,0.8,1.0
20,10,Watford,0.6,0.2,1.0,0.8,0.6,0.0
20,11,Huddersfield Town,0.8,1.0,0.8,0.4,0.8,0.8
20,12,Brighton and Hove Albion,0.2,0.0,0.0,1.2,0.8,0.0
20,14,Stoke City,0.6,0.4,0.8,1.4,0.6,0.2
20,13,Southampton,0.6,0.4,1.2,1.2,0.4,0.0
20,15,Newcastle United,0.4,0.6,1.0,0.6,0.0,0.6
20,16,Crystal Palace,1.2,0.8,1.2,0.2,0.8,0.8
20,17,West Ham United,0.6,1.2,0.6,0.6,0.8,0.8
20,18,AFC Bournemouth,0.6,0.4,1.4,1.4,0.2,0.2
20,19,West Bromwich Albion,0.2,0.2,0.4,0.8,0.2,0.2
20,20,Swansea City,0.4,0.2,1.0,1.6,0.8,0.0
21,1,Manchester City,1.6,1.0,0.2,0.0,1.2,1.4
21,3,Chelsea,1.6,0.6,0.0,0.2,1.8,0.8
21,2,Manchester United,0.6,0.8,0.4,0.6,1.0,0.8
21,4,Liverpool,1.4,1.4,0.2,0.6,1.4,0.8
21,6,Arsenal,0.8,0.8,0.6,0.6,0.8,1.0
21,5,Tottenham Hotspur,1.4,0.8,0.4,0.8,1.2,0.6
21,7,Burnley,0.2,0.4,0.6,0.4,0.6,0.6
21,8,Leicester City,0.4,1.2,1.0,1.0,0.2,0.6
21,9,Everton,0.6,0.4,0.2,0.4,0.8,0.8
21,10,Watford,0.8,0.2,1.4,0.6,0.6,0.0
21,11,Huddersfield Town,0.4,1.0,0.8,0.4,0.4,0.8
21,12,Brighton and Hove Albion,0.2,0.0,0.0,0.8,0.8,0.2
21,14,Southampton,0.4,0.4,1.0,1.2,0.2,0.2
21,18,AFC Bournemouth,1.0,0.0,1.6,1.0,0.8,0.0
21,13,Stoke City,0.6,0.2,0.8,1.4,0.6,0.2
21,15,Newcastle United,0.0,0.6,0.4,0.6,0.2,0.6
21,16,Crystal Palace,0.8,0.8,0.8,0.2,0.8,0.8
21,17,West Ham United,0.4,1.2,0.6,0.6,0.2,0.8
21,19,West Bromwich Albion,0.4,0.2,0.6,0.6,0.4,0.2
21,20,Swansea City,0.2,0.6,1.0,1.8,0.2,0.6
22,1,Manchester City,2.2,0.2,0.4,0.0,1.8,0.8
22,3,Manchester United,0.4,1.2,0.4,0.6,0.4,1.4
22,2,Chelsea,1.6,0.4,0.0,0.4,1.8,0.4
22,4,Liverpool,1.4,1.8,0.2,0.8,1.2,1.4
22,6,Tottenham Hotspur,1.2,1.2,0.6,0.8,0.8,1.2
22,5,Arsenal,1.2,0.8,1.0,0.6,1.0,0.8
22,7,Burnley,0.2,0.4,1.0,0.4,0.0,0.6
22,8,Leicester City,1.0,0.4,1.0,0.8,0.8,0.0
22,9,Everton,0.6,0.2,0.6,0.4,0.8,0.2
22,10,Watford,0.8,0.2,1.4,0.8,0.6,0.0
22,11,Huddersfield Town,0.2,1.0,0.2,1.0,0.4,0.8
22,12,Brighton and Hove Albion,0.6,0.0,0.4,0.4,1.0,0.2
22,16,Newcastle United,0.0,0.8,0.2,0.6,0.2,1.2
22,17,Crystal Palace,0.4,1.2,0.6,0.4,0.2,1.4
22,18,West Ham United,0.8,1.4,0.8,0.8,0.6,1.0
22,14,AFC Bournemouth,1.0,0.4,1.6,1.2,0.8,0.2
22,13,Southampton,0.4,0.4,0.6,1.2,0.2,0.2
22,15,Stoke City,0.6,0.2,1.0,1.2,0.6,0.2
22,19,West Bromwich Albion,0.4,0.4,0.6,1.0,0.4,0.0
22,20,Swansea City,0.2,0.6,0.6,1.8,0.2,0.6
23,1,Manchester City,1.4,0.8,0.2,0.8,1.2,0.8
23,2,Manchester United,1.0,0.8,0.4,0.4,1.0,0.8
23,4,Liverpool,2.2,1.0,0.8,0.8,1.8,0.8
23,3,Chelsea,1.4,0.4,0.0,0.4,1.4,0.4
23,5,Tottenham Hotspur,2.0,1.0,0.6,0.0,1.4,1.2
23,6,Arsenal,1.0,1.0,1.0,1.0,0.4,0.8
23,7,Burnley,0.2,0.4,1.0,0.6,0.0,0.4
23,8,Leicester City,1.0,0.4,0.4,0.8,0.8,0.2
23,9,Everton,0.0,0.2,0.4,1.2,0.2,0.2
23,10,Watford,1.0,0.2,1.0,0.8,0.8,0.0
23,15,West Ham United,0.8,1.6,0.8,1.0,0.6,1.0
23,14,Crystal Palace,0.6,0.6,0.6,0.4,0.8,0.8
23,16,AFC Bournemouth,1.4,0.4,1.0,1.2,1.4,0.2
23,11,Huddersfield Town,0.4,0.2,1.0,0.8,0.4,0.2
23,13,Newcastle United,0.2,0.8,0.4,0.4,0.4,1.2
23,12,Brighton and Hove Albion,0.6,0.0,0.4,0.8,0.8,0.2
23,17,Southampton,0.4,0.8,0.6,1.4,0.2,0.4
23,18,Stoke City,0.6,0.2,0.4,1.8,0.6,0.2
23,19,West Bromwich Albion,0.6,0.4,0.2,1.0,1.0,0.0
23,20,Swansea City,0.2,0.6,0.6,1.4,0.2,0.8
24,1,Manchester City,1.2,0.8,0.4,0.8,1.2,0.8
24,2,Manchester United,1.0,0.6,0.4,0.0,1.0,1.2
24,4,Chelsea,1.4,1.2,0.0,0.4,1.4,0.8
24,3,Liverpool,2.2,0.4,0.8,0.4,1.8,0.6
24,5,Tottenham Hotspur,2.0,0.6,0.6,0.2,1.4,0.8
24,6,Arsenal,1.2,1.0,0.6,1.0,0.8,0.8
24,8,Leicester City,1.0,0.4,0.0,0.8,1.2,0.2
24,7,Burnley,0.2,0.4,0.6,0.6,0.0,0.4
24,9,Everton,0.2,0.2,0.6,1.2,0.2,0.2
24,10,Watford,1.0,0.2,1.0,1.0,0.8,0.0
24,11,West Ham United,0.6,1.6,0.4,1.0,0.8,1.0
24,13,AFC Bournemouth,1.4,0.6,1.0,0.6,1.4,0.4
24,12,Crystal Palace,0.6,0.6,0.6,1.0,0.8,0.6
24,14,Huddersfield Town,0.4,0.0,1.0,1.0,0.4,0.0
24,15,Newcastle United,0.2,0.4,0.4,0.6,0.4,0.6
24,16,Brighton and Hove Albion,0.4,0.0,1.2,0.8,0.2,0.2
24,18,Stoke City,0.4,0.2,0.2,1.8,0.6,0.2
24,17,Southampton,0.4,0.8,0.6,1.4,0.2,0.4
24,19,West Bromwich Albion,0.6,0.4,0.2,0.6,1.0,0.2
24,20,Swansea City,0.2,0.6,0.4,1.4,0.6,0.8
25,1,Manchester City,1.8,0.6,0.4,0.8,1.8,0.2
25,2,Manchester United,0.6,0.6,0.0,0.4,0.8,1.2
25,4,Liverpool,1.2,1.0,0.8,0.4,1.2,1.2
25,3,Chelsea,1.0,1.2,0.6,0.4,0.8,0.8
25,5,Tottenham Hotspur,1.4,0.6,0.2,0.2,1.4,0.8
25,6,Arsenal,1.2,0.6,0.6,1.2,0.8,0.2
25,8,Burnley,0.2,0.2,0.6,0.4,0.0,0.4
25,7,Leicester City,1.0,0.4,0.0,0.8,1.2,0.2
25,9,Everton,0.6,0.2,0.8,1.2,0.8,0.0
25,12,AFC Bournemouth,0.8,1.2,0.4,0.6,1.2,1.0
25,10,Watford,0.6,0.2,0.8,1.0,0.2,0.2
25,11,West Ham United,0.8,1.0,0.6,0.4,1.0,0.8
25,13,Crystal Palace,0.2,0.8,0.0,1.2,0.8,0.8
25,15,Newcastle United,0.4,0.4,0.4,0.6,0.6,0.6
25,16,Brighton and Hove Albion,0.4,0.2,1.2,0.6,0.2,0.4
25,17,Stoke City,0.4,0.0,0.2,1.6,0.8,0.0
25,14,Huddersfield Town,0.2,0.0,1.4,1.0,0.2,0.0
25,18,Southampton,0.6,0.4,0.8,0.4,0.4,0.4
25,20,Swansea City,0.8,0.6,0.6,0.4,1.2,0.8
25,19,West Bromwich Albion,0.6,0.4,0.2,1.2,0.8,0.2
26,1,Manchester City,1.8,0.8,0.4,1.0,1.8,0.2
26,2,Manchester United,1.0,0.6,0.0,0.4,1.2,1.2
26,3,Liverpool,1.2,1.0,1.0,0.4,0.8,1.2
26,4,Chelsea,0.0,1.4,0.6,1.2,0.2,0.8
26,5,Tottenham Hotspur,1.4,1.0,0.2,0.6,1.4,1.0
26,6,Arsenal,2.2,0.4,0.8,1.0,1.4,0.0
26,7,Burnley,0.4,0.2,0.8,0.4,0.2,0.2
26,8,Leicester City,1.2,0.2,0.2,0.4,1.4,0.2
26,10,AFC Bournemouth,0.8,1.2,0.4,0.6,1.2,1.0
26,9,Everton,0.6,0.2,0.8,1.8,0.8,0.0
26,11,Watford,1.2,0.2,0.6,1.0,0.8,0.2
26,12,West Ham United,0.8,1.2,0.6,1.0,1.0,0.8
26,15,Brighton and Hove Albion,1.0,0.2,1.4,0.6,0.8,0.2
26,13,Crystal Palace,0.4,0.8,0.2,1.2,0.8,0.8
26,18,Southampton,0.6,1.0,0.8,0.8,0.4,0.8
26,14,Newcastle United,0.4,0.6,0.4,0.8,0.4,0.8
26,19,Swansea City,0.8,0.4,0.6,0.4,1.2,0.4
26,16,Stoke City,0.4,0.2,0.2,1.0,0.8,0.0
26,17,Huddersfield Town,0.2,0.0,1.4,1.4,0.0,0.0
26,20,West Bromwich Albion,0.8,0.4,0.6,1.2,0.6,0.2
27,1,Manchester City,2.2,0.8,0.4,1.0,1.8,0.2
27,2,Manchester United,1.0,0.2,0.0,0.6,1.2,0.6
27,3,Liverpool,1.2,1.0,1.0,0.2,0.8,1.2
27,4,Chelsea,0.6,1.0,0.6,0.8,0.8,0.6
27,5,Tottenham Hotspur,1.4,0.6,0.0,0.6,1.8,0.4
27,6,Arsenal,1.8,0.4,0.4,1.2,1.2,0.0
27,7,Burnley,0.2,0.2,0.4,0.6,0.2,0.2
27,8,Leicester City,0.6,0.4,0.2,1.4,0.8,0.2
27,10,Everton,1.2,0.2,0.6,1.8,1.4,0.0
27,9,AFC Bournemouth,0.8,1.0,0.4,1.0,1.2,0.8
27,11,Watford,1.2,0.0,0.6,0.8,0.8,0.2
27,12,West Ham United,0.8,1.0,0.4,0.8,1.0,0.6
27,16,Newcastle United,0.6,0.4,0.4,0.8,1.0,0.2
27,13,Brighton and Hove Albion,0.6,0.4,1.0,0.8,0.6,0.4
27,14,Crystal Palace,0.4,0.6,0.2,1.6,0.8,0.2
27,17,Swansea City,1.0,0.4,0.2,0.4,1.8,0.4
27,19,Huddersfield Town,1.0,0.0,1.6,0.8,0.6,0.0
27,15,Southampton,0.4,1.0,0.8,0.8,0.4,0.8
27,18,Stoke City,0.6,0.2,0.2,1.0,1.0,0.0
27,20,West Bromwich Albion,0.8,0.2,0.6,1.4,0.6,0.2
28,1,Manchester City,2.2,0.8,0.4,0.2,1.8,0.8
28,2,Manchester United,0.8,0.2,0.2,0.6,1.2,0.6
28,3,Liverpool,1.2,1.0,0.6,0.2,0.8,1.2
28,5,Tottenham Hotspur,0.6,0.8,0.0,0.6,1.2,1.0
28,4,Chelsea,0.6,1.2,0.6,1.2,0.6,0.6
28,6,Arsenal,1.8,0.2,1.0,0.8,1.2,0.0
28,7,Burnley,0.4,0.2,0.6,0.4,0.4,0.2
28,8,Leicester City,0.8,0.4,0.4,1.4,1.0,0.0
28,9,Everton,1.2,0.2,0.6,1.2,1.4,0.0
28,11,Watford,1.0,0.0,0.2,0.8,1.2,0.2
28,10,AFC Bournemouth,0.8,1.0,0.6,1.0,0.8,0.8
28,14,Brighton and Hove Albion,1.4,0.4,1.2,0.4,1.2,0.4
28,12,West Ham United,0.8,0.4,0.4,1.4,1.0,0.0
28,17,Huddersfield Town,0.8,0.4,0.8,1.0,0.6,0.6
28,13,Newcastle United,0.4,0.8,0.2,1.2,0.8,0.4
28,18,Southampton,0.4,0.8,0.8,0.6,0.4,0.8
28,15,Crystal Palace,0.2,0.6,0.4,1.6,0.2,0.2
28,16,Swansea City,1.0,0.4,0.2,1.0,1.8,0.2
28,19,Stoke City,0.6,0.4,0.2,0.6,1.0,0.2
28,20,West Bromwich Albion,0.6,0.2,1.0,1.4,0.0,0.2
29,1,Manchester City,1.8,0.8,0.2,0.2,1.8,0.8
29,2,Manchester United,0.8,0.6,0.2,1.0,1.2,0.6
29,3,Liverpool,1.6,1.0,0.6,0.0,1.4,1.2
29,4,Tottenham Hotspur,1.0,0.6,0.0,0.4,1.8,0.8
29,5,Chelsea,0.6,0.4,0.6,1.4,0.6,0.0
29,6,Arsenal,1.0,0.4,0.8,1.2,0.6,0.0
29,7,Burnley,0.8,0.2,0.6,0.4,1.0,0.2
29,8,Leicester City,0.6,0.4,0.6,1.4,0.6,0.0
29,10,Watford,1.2,0.0,0.2,0.4,1.8,0.2
29,12,Brighton and Hove Albion,1.8,0.4,0.6,0.4,1.8,0.4
29,9,Everton,1.0,0.4,0.4,1.6,1.2,0.0
29,11,AFC Bournemouth,0.8,1.0,0.6,1.0,0.8,0.8
29,18,Swansea City,1.6,0.4,0.4,1.0,1.8,0.2
29,13,West Ham United,0.6,0.6,0.2,2.2,0.8,0.0
29,14,Huddersfield Town,0.8,0.4,0.8,1.0,0.6,0.6
29,15,Newcastle United,0.4,0.6,0.2,1.0,0.8,0.4
29,16,Southampton,0.2,0.8,0.6,0.6,0.4,0.8
29,17,Crystal Palace,0.6,0.4,1.0,0.8,0.2,0.2
29,19,Stoke City,0.2,0.4,0.2,0.6,0.4,0.4
29,20,West Bromwich Albion,0.6,0.0,1.0,1.4,0.0,0.0
30,1,Manchester City,1.2,1.2,0.2,0.2,1.2,1.4
30,2,Manchester United,1.2,0.6,0.4,0.6,1.8,0.6
30,4,Tottenham Hotspur,0.6,1.4,0.0,0.6,1.2,1.4
30,3,Liverpool,1.6,0.6,0.6,0.4,1.4,0.6
30,5,Chelsea,1.0,0.4,0.2,1.4,1.2,0.0
30,6,Arsenal,1.6,0.2,0.8,0.6,1.2,0.0
30,7,Burnley,0.8,0.6,0.6,0.2,1.0,0.6
30,8,Leicester City,0.6,1.0,0.6,1.2,0.6,0.6
30,11,Everton,1.0,0.4,0.2,1.6,1.2,0.0
30,9,Watford,1.2,0.0,0.2,1.0,1.8,0.0
30,10,Brighton and Hove Albion,1.8,0.2,0.6,0.6,1.8,0.2
30,12,AFC Bournemouth,1.0,0.4,1.4,1.0,0.8,0.2
30,16,Newcastle United,0.8,0.6,0.0,1.0,1.2,0.4
30,13,Swansea City,1.0,0.4,0.2,1.0,1.2,0.4
30,15,Huddersfield Town,0.8,0.4,0.2,1.0,0.8,0.6
30,14,West Ham United,0.4,0.6,0.6,2.2,0.6,0.0
30,17,Southampton,0.0,0.8,0.4,1.2,0.2,0.8
30,18,Crystal Palace,0.6,0.4,1.0,1.0,0.2,0.0
30,19,Stoke City,0.2,0.4,0.6,0.6,0.2,0.4
30,20,West Bromwich Albion,0.8,0.0,1.8,0.8,0.0,0.0
31,1,Manchester City,1.2,1.0,0.2,0.0,1.2,1.2
31,2,Manchester United,0.8,0.6,0.4,0.6,1.2,0.6
31,4,Liverpool,2.2,0.6,0.2,0.4,1.8,0.6
31,3,Tottenham Hotspur,0.6,1.0,0.0,0.2,1.2,1.2
31,5,Chelsea,1.0,0.2,0.2,0.6,1.2,0.0
31,6,Arsenal,0.6,0.2,0.6,0.6,0.6,0.0
31,7,Burnley,0.6,0.6,0.4,0.2,0.8,0.6
31,8,Leicester City,0.4,1.0,0.4,1.2,0.4,0.6
31,9,Everton,1.0,0.6,0.2,0.8,1.2,0.6
31,12,AFC Bournemouth,1.0,0.4,1.4,1.0,0.8,0.2
31,10,Watford,0.4,0.0,0.0,2.0,1.2,0.0
31,11,Brighton and Hove Albion,1.2,0.2,0.4,0.6,1.2,0.2
31,13,Newcastle United,0.8,0.4,0.0,0.8,1.2,0.2
31,14,Swansea City,1.0,0.2,0.2,0.8,1.2,0.2
31,15,Huddersfield Town,0.8,0.4,0.6,0.6,0.8,0.6
31,18,Crystal Palace,0.4,0.8,0.8,1.0,0.0,0.6
31,16,West Ham United,0.4,0.4,0.6,1.6,0.6,0.0
31,17,Southampton,0.0,0.2,0.4,0.8,0.2,0.2
31,19,Stoke City,0.4,0.2,1.0,0.2,0.2,0.4
31,20,West Bromwich Albion,0.4,0.2,1.2,1.2,0.0,0.0
32,1,Manchester City,0.2,1.6,0.0,0.2,0.6,1.8
32,2,Manchester United,1.2,0.6,0.4,0.4,1.8,0.6
32,3,Liverpool,2.2,0.6,0.2,0.6,1.8,0.6
32,4,Tottenham Hotspur,0.4,1.6,0.0,0.4,0.6,1.8
32,5,Chelsea,0.6,0.2,0.8,0.6,0.6,0.0
32,6,Arsenal,1.2,0.2,0.6,0.4,1.2,0.0
32,7,Burnley,0.6,1.0,0.4,0.2,0.8,1.2
32,8,Leicester City,0.4,1.2,0.4,0.2,0.4,1.2
32,9,Everton,0.6,0.6,0.6,0.8,0.6,0.6
32,10,AFC Bournemouth,1.0,0.6,1.4,0.6,0.8,0.4
32,11,Watford,0.8,0.0,0.4,1.6,1.4,0.0
32,13,Newcastle United,0.8,0.4,0.0,0.8,1.2,0.2
32,12,Brighton and Hove Albion,1.2,0.0,0.8,0.4,1.2,0.0
32,17,West Ham United,0.6,0.4,0.6,1.6,0.6,0.0
32,14,Swansea City,0.8,0.2,0.2,1.2,0.6,0.2
32,15,Huddersfield Town,0.0,0.4,0.4,0.8,0.2,0.6
32,16,Crystal Palace,0.6,0.6,1.2,0.4,0.0,0.6
32,18,Southampton,0.0,0.2,0.0,1.4,0.2,0.2
32,19,Stoke City,0.2,0.2,0.8,0.8,0.0,0.4
32,20,West Bromwich Albion,0.6,0.2,1.6,0.6,0.0,0.0
33,1,Manchester City,0.6,1.0,0.6,0.2,0.6,1.2
33,2,Manchester United,0.8,1.2,0.2,0.8,1.2,1.2
33,3,Liverpool,1.4,0.6,0.0,0.6,1.2,0.8
33,4,Tottenham Hotspur,0.4,1.8,0.0,0.6,0.6,1.8
33,5,Chelsea,0.8,0.0,1.0,0.2,0.8,0.0
33,6,Arsenal,1.8,0.2,0.4,0.4,1.8,0.0
33,7,Burnley,0.4,1.4,0.2,0.4,0.6,1.8
33,8,Leicester City,0.4,1.2,0.6,0.2,0.2,1.2
33,9,Everton,0.6,0.6,0.6,0.6,0.8,0.6
33,12,Newcastle United,0.8,0.4,0.0,0.6,1.2,0.6
33,10,AFC Bournemouth,1.0,0.6,1.4,0.6,0.8,0.4
33,11,Watford,0.8,0.0,0.8,1.6,0.8,0.0
33,13,Brighton and Hove Albion,0.6,0.0,0.8,0.4,0.8,0.0
33,14,West Ham United,0.6,0.4,0.6,1.0,0.6,0.2
33,15,Swansea City,0.8,0.2,0.2,0.6,0.6,0.4
33,16,Huddersfield Town,0.0,0.2,0.4,0.8,0.2,0.2
33,17,Crystal Palace,0.6,1.0,1.0,0.8,0.0,0.8
33,18,Southampton,0.0,0.4,0.0,1.8,0.2,0.0
33,19,Stoke City,0.4,0.0,1.2,0.6,0.0,0.2
33,20,West Bromwich Albion,0.6,0.2,1.4,0.6,0.2,0.0
34,1,Manchester City,0.4,1.6,0.6,0.4,0.0,1.8
34,2,Manchester United,0.8,1.0,0.4,0.4,1.2,1.2
34,3,Liverpool,1.6,0.6,0.0,0.6,1.2,0.8
34,4,Tottenham Hotspur,0.2,2.0,0.6,0.8,0.0,2.0
34,5,Chelsea,0.8,1.0,1.0,0.6,0.8,1.2
34,6,Arsenal,1.8,0.2,0.4,0.4,1.8,0.0
34,7,Burnley,0.6,1.4,0.6,0.4,0.6,1.8
34,8,Leicester City,0.2,1.4,0.4,0.6,0.2,1.2
34,9,Everton,0.6,0.6,0.6,0.4,0.8,0.8
34,10,Newcastle United,1.2,0.4,0.2,0.2,1.8,0.6
34,11,AFC Bournemouth,1.0,0.4,1.8,1.0,0.8,0.2
34,12,Watford,0.6,0.0,0.8,1.8,0.2,0.0
34,13,Brighton and Hove Albion,0.4,0.4,0.8,1.0,0.4,0.0
34,14,West Ham United,0.8,0.2,0.8,0.2,0.8,0.2
34,16,Huddersfield Town,0.2,0.2,0.4,0.4,0.8,0.2
34,17,Crystal Palace,0.8,1.0,0.8,0.8,0.6,0.8
34,15,Swansea City,0.2,0.2,0.2,0.6,0.2,0.4
34,18,Southampton,0.4,0.4,0.6,1.8,0.0,0.2
34,19,Stoke City,0.4,0.2,1.2,0.8,0.0,0.2
34,20,West Bromwich Albion,0.6,0.4,1.4,0.4,0.2,0.6
35,1,Manchester City,1.4,1.2,0.6,0.4,0.6,1.2
35,2,Manchester United,0.4,1.0,0.2,0.4,0.6,1.2
35,3,Liverpool,1.6,0.8,0.0,0.6,1.2,1.0
35,4,Tottenham Hotspur,0.2,1.2,0.6,0.6,0.0,1.4
35,5,Chelsea,0.4,1.0,0.8,0.6,0.2,1.2
35,6,Arsenal,2.0,0.2,0.6,0.4,1.8,0.0
35,7,Burnley,0.6,1.0,0.6,0.6,0.6,1.4
35,9,Everton,0.4,0.6,0.6,0.4,0.8,0.8
35,8,Leicester City,0.2,0.6,0.4,0.4,0.2,0.6
35,10,Newcastle United,0.6,0.4,0.2,0.4,1.2,0.6
35,11,AFC Bournemouth,0.8,0.4,1.0,1.0,0.8,0.2
35,12,Watford,0.6,0.0,0.8,1.2,0.4,0.0
35,13,Brighton and Hove Albion,0.4,0.4,0.8,0.6,0.4,0.0
35,16,Crystal Palace,0.8,0.8,0.8,0.4,0.6,1.0
35,14,West Ham United,0.8,0.4,0.2,1.0,0.8,0.2
35,15,Huddersfield Town,0.2,0.2,0.4,0.4,0.6,0.2
35,17,Swansea City,0.2,0.2,0.2,1.6,0.2,0.2
35,18,Southampton,0.4,0.4,0.6,1.2,0.0,0.2
35,19,Stoke City,0.6,0.2,1.0,0.8,0.2,0.2
35,20,West Bromwich Albion,0.8,0.4,1.0,0.4,0.4,0.6
36,1,Manchester City,1.4,2.0,0.6,0.6,0.6,1.8
36,2,Manchester United,0.8,1.0,0.4,0.4,1.2,1.2
36,3,Liverpool,0.6,0.8,0.0,0.6,0.8,1.0
36,4,Tottenham Hotspur,0.6,1.2,0.6,0.6,0.6,1.4
36,5,Chelsea,0.4,1.2,0.8,0.6,0.2,1.8
36,6,Arsenal,2.0,0.4,0.6,0.8,1.8,0.0
36,7,Burnley,0.6,1.0,0.6,0.6,0.8,1.4
36,8,Everton,0.4,0.6,0.6,0.2,0.8,0.8
36,9,Leicester City,0.2,0.6,0.4,1.4,0.2,0.6
36,10,Newcastle United,0.6,0.4,0.4,0.4,1.2,0.6
36,14,Crystal Palace,1.8,0.4,0.8,0.4,1.2,0.4
36,11,AFC Bournemouth,0.4,0.6,0.8,1.4,0.2,0.2
36,12,Watford,0.6,0.0,0.8,0.6,0.4,0.0
36,13,Brighton and Hove Albion,0.4,0.4,0.8,0.6,0.4,0.2
36,15,West Ham United,1.0,0.4,1.0,1.0,0.8,0.2
36,16,Huddersfield Town,0.2,0.2,0.4,0.4,0.6,0.2
36,17,Swansea City,0.2,0.2,0.4,1.6,0.2,0.2
36,18,Southampton,0.8,0.4,0.8,1.2,0.6,0.2
36,19,Stoke City,0.4,0.2,0.6,0.8,0.2,0.4
36,20,West Bromwich Albion,0.8,0.4,1.0,0.0,0.4,1.2
37,1,Manchester City,2.0,1.4,0.8,0.4,1.4,1.2
37,2,Manchester United,0.4,1.0,0.4,0.6,0.6,1.4
37,4,Tottenham Hotspur,0.8,0.6,0.6,0.6,1.2,0.8
37,3,Liverpool,0.6,0.4,0.0,0.6,0.8,0.4
37,5,Chelsea,0.6,1.2,0.4,0.6,1.0,1.8
37,6,Arsenal,2.4,0.6,0.6,1.4,1.8,0.0
37,7,Burnley,0.6,0.6,0.6,1.4,0.8,0.8
37,8,Everton,0.4,0.6,0.2,0.2,1.0,0.8
37,9,Leicester City,0.8,0.2,1.0,1.4,0.8,0.0
37,10,Newcastle United,0.4,0.6,0.4,1.0,0.6,0.6
37,11,Crystal Palace,1.6,0.8,0.4,0.6,1.2,1.0
37,12,AFC Bournemouth,0.6,0.2,0.8,1.0,0.8,0.0
37,13,Watford,0.6,0.0,0.6,0.6,0.8,0.0
37,14,Brighton and Hove Albion,0.6,0.6,0.4,1.2,1.0,0.2
37,15,West Ham United,0.4,0.8,1.0,1.0,0.4,0.8
37,16,Huddersfield Town,0.2,0.4,0.4,0.4,0.6,0.6
37,18,Southampton,0.8,0.8,0.8,0.8,0.6,1.0
37,17,Swansea City,0.2,0.2,0.6,1.4,0.2,0.2
37,20,West Bromwich Albion,0.8,0.4,0.6,0.0,1.0,1.2
37,19,Stoke City,0.6,0.2,1.0,0.2,0.2,0.4
38,1,Manchester City,1.6,1.6,0.2,0.4,1.4,1.8
38,2,Manchester United,0.6,0.4,0.4,0.2,1.2,0.8
38,3,Tottenham Hotspur,1.8,0.2,1.4,0.4,1.8,0.2
38,4,Liverpool,1.4,0.4,0.0,0.6,1.4,0.2
38,5,Chelsea,0.4,1.2,0.2,1.2,0.8,1.8
38,6,Arsenal,1.8,0.8,0.2,1.4,1.2,0.6
38,7,Burnley,0.8,0.2,1.0,1.2,0.8,0.2
38,8,Everton,0.4,0.8,0.2,0.8,0.8,0.8
38,9,Leicester City,0.6,1.0,0.6,2.4,0.8,0.0
38,10,Newcastle United,1.0,0.2,0.4,0.8,1.2,0.0
38,11,Crystal Palace,2.0,0.4,0.4,0.2,1.8,0.8
38,12,AFC Bournemouth,0.2,0.6,0.4,1.2,0.6,0.6
38,15,West Ham United,1.0,0.6,1.2,0.8,1.0,0.6
38,13,Watford,0.4,0.0,0.2,0.8,0.8,0.0
38,14,Brighton and Hove Albion,0.4,0.6,0.2,2.0,0.8,0.2
38,16,Huddersfield Town,0.2,0.2,0.6,0.2,0.6,0.4
38,17,Southampton,0.8,0.4,1.0,0.2,0.6,1.0
38,18,Swansea City,0.4,0.0,1.0,1.2,0.2,0.0
38,20,Stoke City,0.4,0.6,0.6,0.4,0.2,1.0
38,19,West Bromwich Albion,0.6,0.4,0.4,0.4,0.8,1.2
